colsample_bytree,learning_rate,max_depth,min_child_samples,min_split_gain,n_estimators,num_leaves,reg_alpha,reg_lambda,subsample,subsample_freq,TrainingJobName,TrainingJobStatus,FinalObjectiveValue,TrainingStartTime,TrainingEndTime,TrainingElapsedTimeSeconds
0.7555236269814829,0.1,"""8""",10.0,0.5116174422914869,100.0,40.0,0.6682117864390661,1.4150180120823637,0.7000165200357314,1.0,lightgbm-hpo-20260802-131443-020-1f76258f,Completed,1.986108422279358,2026-08-02 14:09:07+05:30,2026-08-02 14:13:02+05:30,235.0
0.7590534219739528,0.1,"""-1""",15.0,0.5596071012629376,280.0,30.0,0.3878048899448767,1.8054231471407953,0.9697029951046401,1.0,lightgbm-hpo-20260802-131443-019-f3386aac,Completed,1.9784075021743774,2026-08-02 14:07:48+05:30,2026-08-02 14:12:03+05:30,255.0
0.9530921581136822,0.03267909320411511,"""8""",40.0,0.0,300.0,20.0,0.7906172495186947,0.6549635254617302,0.9225198625535859,1.0,lightgbm-hpo-20260802-131443-018-3a1e981a,Stopped,1.9903889894485474,2026-08-02 14:02:38+05:30,2026-08-02 14:07:28+05:30,290.0
0.7250867274160874,0.046233560377819,"""6""",40.0,0.7363375558981576,151.0,30.0,0.0,1.7492705337679406,0.8941283777761121,3.0,lightgbm-hpo-20260802-131443-017-4ced5c04,Completed,1.9884167909622192,2026-08-02 14:02:06+05:30,2026-08-02 14:08:46+05:30,400.0
0.7905882064279042,0.06920008952830778,"""-1""",25.0,0.8133532963729803,300.0,25.0,0.1753595894078516,1.115282001666668,0.8565677065748494,4.0,lightgbm-hpo-20260802-131443-016-76843a28,Completed,1.9826006889343262,2026-08-02 13:56:52+05:30,2026-08-02 14:02:22+05:30,330.0
0.7696122749903157,0.06061355185953434,"""4""",26.0,0.0773940096521043,146.0,39.0,0.9758191009260683,1.2237938441900873,0.7679173014509959,1.0,lightgbm-hpo-20260802-131443-015-1a5b74e0,Completed,2.003075361251831,2026-08-02 13:56:39+05:30,2026-08-02 14:01:04+05:30,265.0
0.9012206688068383,0.05120832569787936,"""-1""",32.0,0.9054471967246441,210.0,27.0,0.7128331431303284,1.2755297009719508,0.9368125551975388,5.0,lightgbm-hpo-20260802-131443-014-934b1b03,Completed,1.9833959341049194,2026-08-02 13:51:32+05:30,2026-08-02 13:56:27+05:30,295.0
0.9081430199444787,0.03196409582096348,"""6""",18.0,0.5503295349985037,246.0,32.0,0.540445032448828,0.9639210043868067,0.7,1.0,lightgbm-hpo-20260802-131443-013-c6d30c3b,Completed,1.9886095523834229,2026-08-02 13:51:06+05:30,2026-08-02 13:55:45+05:30,279.0
0.976495310204692,0.04046290004817399,"""8""",13.0,0.9349856591481364,114.0,29.0,0.7998280010005286,1.8908811786087254,0.9278255416033578,1.0,lightgbm-hpo-20260802-131443-012-689b331a,Completed,1.9963352680206299,2026-08-02 13:46:36+05:30,2026-08-02 13:51:16+05:30,280.0
0.8837916206142027,0.015932760987631054,"""8""",10.0,1.0,100.0,35.0,1.0,1.8800033292293896,0.913507839138609,2.0,lightgbm-hpo-20260802-131443-011-b31e6ee1,Completed,2.132802963256836,2026-08-02 13:46:34+05:30,2026-08-02 13:50:19+05:30,225.0
0.9876848111040936,0.01500207221589583,"""-1""",33.0,0.42493837422677716,159.0,30.0,0.8523708027466975,0.6721152778045036,0.710898638439653,1.0,lightgbm-hpo-20260802-131443-010-bbf29b7f,Stopped,2.0434744358062744,2026-08-02 13:42:44+05:30,2026-08-02 13:46:19+05:30,215.0
0.7259750129371755,0.013367526055250727,"""-1""",15.0,0.0733679389776476,190.0,37.0,0.15818696481127215,1.7799741758796896,0.926141490563491,5.0,lightgbm-hpo-20260802-131443-009-16bbe001,Completed,2.0299181938171387,2026-08-02 13:38:54+05:30,2026-08-02 13:46:05+05:30,431.0
0.8767569892843903,0.05342048141793324,"""8""",10.0,0.418341162790009,175.0,50.0,0.4679189122074356,2.0,0.7169548149268624,3.0,lightgbm-hpo-20260802-131443-008-97bfb15e,Completed,1.9796769618988037,2026-08-02 13:37:41+05:30,2026-08-02 13:42:20+05:30,279.0
0.8720243578286713,0.06421503193246807,"""6""",13.0,0.33696590413806554,174.0,44.0,0.295036841189401,0.12935051144851048,0.947707677174003,5.0,lightgbm-hpo-20260802-131443-007-42e3bd34,Completed,1.9829386472702026,2026-08-02 13:33:32+05:30,2026-08-02 13:38:29+05:30,297.0
0.9665447913374311,0.06638290680842002,"""4""",20.0,0.5672289774892944,178.0,22.0,0.9400490543814604,0.19337477567086525,0.780189666975107,5.0,lightgbm-hpo-20260802-131443-006-67d26047,Completed,2.0009827613830566,2026-08-02 13:29:06+05:30,2026-08-02 13:33:10+05:30,244.0
0.8316418918270596,0.08029534312970127,"""6""",12.0,0.5397791987099425,202.0,34.0,0.3155158480783079,0.8653566891756206,0.8964085668936217,2.0,lightgbm-hpo-20260802-131443-005-ded909fc,Completed,1.9844247102737427,2026-08-02 13:28:59+05:30,2026-08-02 13:37:20+05:30,501.0
0.7991797221452445,0.09450063192118999,"""8""",10.0,0.7411164178636288,193.0,30.0,0.11997430659453856,1.3429753709785013,0.9096407662527926,3.0,lightgbm-hpo-20260802-131443-004-84f9e62e,Stopped,1.9836077690124512,2026-08-02 13:23:05+05:30,2026-08-02 13:28:15+05:30,310.0
0.7279118487085708,0.021147887840713815,"""8""",20.0,0.5035562155795562,279.0,22.0,0.14564637955585802,0.6697088990073681,0.7418147638070484,3.0,lightgbm-hpo-20260802-131443-003-2b7375a9,Stopped,1.9949578046798706,2026-08-02 13:22:31+05:30,2026-08-02 13:28:50+05:30,379.0
0.8971173798956402,0.043519190845234694,"""8""",11.0,0.42166887895734384,190.0,44.0,0.36329700738235815,0.19054300618859754,0.7532945175420144,5.0,lightgbm-hpo-20260802-131443-002-f8bec8f0,Completed,1.9818669557571411,2026-08-02 13:16:23+05:30,2026-08-02 13:21:58+05:30,335.0
0.7176353641337784,0.060643226193027214,"""6""",29.0,0.7545005950474564,211.0,34.0,0.6978497574864896,0.9804842388625494,0.8523501866197887,5.0,lightgbm-hpo-20260802-131443-001-17c8ca97,Stopped,1.9834320545196533,2026-08-02 13:16:17+05:30,2026-08-02 13:22:21+05:30,364.0
